case_id,NETC_tp,NETC_fp,NETC_fn,NETC_prec,NETC_rec,NETC_f1,NETC_lesion_dice,SNFH_tp,SNFH_fp,SNFH_fn,SNFH_prec,SNFH_rec,SNFH_f1,SNFH_lesion_dice,ET_tp,ET_fp,ET_fn,ET_prec,ET_rec,ET_f1,ET_lesion_dice,RC_tp,RC_fp,RC_fn,RC_prec,RC_rec,RC_f1,RC_lesion_dice
BraTS-GLI-00543-100,0,0,0,0.0,0.0,0.0,0.0,1,1,0,0.4999999975,0.9999999900000002,0.6666666577777778,0.863859804675803,0,2,0,0.0,0.0,0.0,0.0,1,0,0,0.9999999900000002,0.9999999900000002,0.9999999850000002,0.8829948351520783
BraTS-GLI-00543-101,0,0,0,0.0,0.0,0.0,0.0,2,0,0,0.999999995,0.999999995,0.9999999900000001,0.8400868390877625,0,2,0,0.0,0.0,0.0,0.0,1,0,0,0.9999999900000002,0.9999999900000002,0.9999999850000002,0.8922875066628839
BraTS-GLI-00549-100,0,0,0,0.0,0.0,0.0,0.0,2,1,3,0.6666666644444444,0.3999999992,0.49999999406250006,0.6913970784460096,0,0,0,0.0,0.0,0.0,0.0,1,0,0,0.9999999900000002,0.9999999900000002,0.9999999850000002,0.815485996705297
BraTS-GLI-00549-101,0,0,0,0.0,0.0,0.0,0.0,1,0,3,0.9999999900000002,0.249999999375,0.3999999952,0.7639992372721262,0,0,0,0.0,0.0,0.0,0.0,1,0,0,0.9999999900000002,0.9999999900000002,0.9999999850000002,0.8295819935692884
BraTS-GLI-00553-100,0,0,0,0.0,0.0,0.0,0.0,3,2,3,0.5999999988,0.49999999916666665,0.5454545395041324,0.5372005456276417,0,0,0,0.0,0.0,0.0,0.0,1,0,0,0.9999999900000002,0.9999999900000002,0.9999999850000002,0.9379757329113125
BraTS-GLI-00553-101,1,0,1,0.9999999900000002,0.4999999975,0.6666666577777778,0.6792452830793877,2,1,3,0.6666666644444444,0.3999999992,0.49999999406250006,0.8389844949073355,2,0,0,0.999999995,0.999999995,0.9999999900000001,0.8481518481561695,1,0,0,0.9999999900000002,0.9999999900000002,0.9999999850000002,0.956031684196869
BraTS-GLI-00557-100,2,4,0,0.33333333277777777,0.999999995,0.49999999500000003,0.3565781156748317,2,2,1,0.49999999875,0.6666666644444444,0.5714285648979592,0.8449610169859694,2,0,1,0.999999995,0.6666666644444444,0.799999992,0.674025185365182,2,0,2,0.999999995,0.49999999875,0.6666666600000001,0.45757724011472445
BraTS-GLI-00557-101,3,9,1,0.24999999979166665,0.7499999981250001,0.37499999578125004,0.6048615525431202,4,3,4,0.571428570612245,0.49999999937499995,0.5333333276444445,0.6779182617296935,2,3,0,0.3999999992,0.999999995,0.5714285657142857,0.8801580573090312,1,0,4,0.9999999900000002,0.1999999996,0.33333332944444444,0.7392290249462673
BraTS-GLI-02062-100,0,0,0,0.0,0.0,0.0,0.0,1,0,1,0.9999999900000002,0.4999999975,0.6666666577777778,0.9162873540471173,1,0,0,0.9999999900000002,0.9999999900000002,0.9999999850000002,0.8319502074697512,1,0,0,0.9999999900000002,0.9999999900000002,0.9999999850000002,0.8011642714211367
BraTS-GLI-02062-101,0,0,0,0.0,0.0,0.0,0.0,1,0,3,0.9999999900000002,0.249999999375,0.3999999952,0.895832336475446,1,0,5,0.9999999900000002,0.16666666638888888,0.2857142824489796,0.07692307696252465,1,0,0,0.9999999900000002,0.9999999900000002,0.9999999850000002,0.8626544992493211
BraTS-GLI-02062-102,0,0,0,0.0,0.0,0.0,0.0,1,1,1,0.4999999975,0.4999999975,0.4999999925000001,0.9366439493576798,1,0,5,0.9999999900000002,0.16666666638888888,0.2857142824489796,0.7194244604345383,1,0,1,0.9999999900000002,0.4999999975,0.6666666577777778,0.8610603290678231
BraTS-GLI-02062-103,0,0,0,0.0,0.0,0.0,0.0,1,0,2,0.9999999900000002,0.3333333322222222,0.49999999375000004,0.8910238902366706,1,0,2,0.9999999900000002,0.3333333322222222,0.49999999375000004,0.6236559139886114,1,0,0,0.9999999900000002,0.9999999900000002,0.9999999850000002,0.8850588098289448
BraTS-GLI-02062-104,0,0,0,0.0,0.0,0.0,0.0,1,1,1,0.4999999975,0.4999999975,0.4999999925000001,0.7244520842286797,1,0,4,0.9999999900000002,0.1999999996,0.33333332944444444,0.8068181818203771,1,0,1,0.9999999900000002,0.4999999975,0.6666666577777778,0.8775981524250993
BraTS-GLI-02062-105,1,3,2,0.249999999375,0.3333333322222222,0.28571428000000004,0.6086956523440454,1,2,0,0.3333333322222222,0.9999999900000002,0.49999999375000004,0.968758571766378,3,0,0,0.9999999966666667,0.9999999966666667,0.9999999916666666,0.8476233948518114,1,0,2,0.9999999900000002,0.3333333322222222,0.49999999375000004,0.7989080982720704
BraTS-GLI-02063-100,3,2,0,0.5999999988,0.9999999966666667,0.7499999934375,0.5700228091047267,1,0,2,0.9999999900000002,0.3333333322222222,0.49999999375000004,0.9763785863360921,1,0,0,0.9999999900000002,0.9999999900000002,0.9999999850000002,0.9538461538461762,0,0,4,0.0,0.0,0.0,0.0
BraTS-GLI-02063-101,3,3,1,0.49999999916666665,0.7499999981250001,0.5999999940000001,0.5643478701127549,1,2,2,0.3333333322222222,0.3333333322222222,0.33333332722222225,0.9533017769845618,1,0,0,0.9999999900000002,0.9999999900000002,0.9999999850000002,0.9534349551054824,0,0,2,0.0,0.0,0.0,0.0
BraTS-GLI-02063-102,1,0,1,0.9999999900000002,0.4999999975,0.6666666577777778,0.6060606061799817,1,2,2,0.3333333322222222,0.3333333322222222,0.33333332722222225,0.957008123781738,1,0,0,0.9999999900000002,0.9999999900000002,0.9999999850000002,0.9325044404974023,1,0,0,0.9999999900000002,0.9999999900000002,0.9999999850000002,0.7767195767203643
BraTS-GLI-02063-103,0,0,3,0.0,0.0,0.0,0.0,2,1,0,0.6666666644444444,0.999999995,0.799999992,0.6515580477407937,1,0,2,0.9999999900000002,0.3333333322222222,0.49999999375000004,0.6463104325717745,1,0,0,0.9999999900000002,0.9999999900000002,0.9999999850000002,0.8642871546685535
BraTS-GLI-02063-104,0,0,0,0.0,0.0,0.0,0.0,2,2,1,0.49999999875,0.6666666644444444,0.5714285648979592,0.7472155893157784,3,0,0,0.9999999966666667,0.9999999966666667,0.9999999916666666,0.7811222257628513,1,0,1,0.9999999900000002,0.4999999975,0.6666666577777778,0.8105906313649908
BraTS-GLI-02063-105,0,0,0,0.0,0.0,0.0,0.0,2,1,2,0.6666666644444444,0.49999999875,0.5714285648979592,0.5060050805772798,3,1,1,0.7499999981250001,0.7499999981250001,0.7499999931250001,0.8122218697155444,1,0,1,0.9999999900000002,0.4999999975,0.6666666577777778,0.7848688790907754
BraTS-GLI-02063-106,0,0,0,0.0,0.0,0.0,0.0,1,1,0,0.4999999975,0.9999999900000002,0.6666666577777778,0.9799641277053699,4,0,0,0.9999999975,0.9999999975,0.9999999925,0.7863585461188101,1,0,1,0.9999999900000002,0.4999999975,0.6666666577777778,0.766819387509605
BraTS-GLI-02093-100,0,0,0,0.0,0.0,0.0,0.0,3,0,0,0.9999999966666667,0.9999999966666667,0.9999999916666666,0.5274705435314863,1,0,3,0.9999999900000002,0.249999999375,0.3999999952,0.8116677235259803,1,0,0,0.9999999900000002,0.9999999900000002,0.9999999850000002,0.9803839061397779
BraTS-GLI-02093-101,0,0,0,0.0,0.0,0.0,0.0,2,0,0,0.999999995,0.999999995,0.9999999900000001,0.911085373196021,1,0,1,0.9999999900000002,0.4999999975,0.6666666577777778,0.7663347853146136,1,0,0,0.9999999900000002,0.9999999900000002,0.9999999850000002,0.9799094267375241
BraTS-GLI-02093-102,0,0,0,0.0,0.0,0.0,0.0,2,0,0,0.999999995,0.999999995,0.9999999900000001,0.9048886962425857,1,2,0,0.3333333322222222,0.9999999900000002,0.49999999375000004,0.7269617276037482,1,0,0,0.9999999900000002,0.9999999900000002,0.9999999850000002,0.9791535589950116
BraTS-GLI-02093-103,0,0,0,0.0,0.0,0.0,0.0,3,0,1,0.9999999966666667,0.7499999981250001,0.8571428497959185,0.6978210585336271,3,0,1,0.9999999966666667,0.7499999981250001,0.8571428497959185,0.4158017997281962,1,0,1,0.9999999900000002,0.4999999975,0.6666666577777778,0.9785656600426332
BraTS-GLI-02093-104,0,0,0,0.0,0.0,0.0,0.0,2,0,1,0.999999995,0.6666666644444444,0.799999992,0.8876360599077114,2,0,3,0.999999995,0.3999999992,0.5714285657142857,0.7335748341069455,1,0,0,0.9999999900000002,0.9999999900000002,0.9999999850000002,0.9721613417008165
BraTS-GLI-02093-105,0,0,0,0.0,0.0,0.0,0.0,2,0,0,0.999999995,0.999999995,0.9999999900000001,0.882724787322382,2,1,2,0.6666666644444444,0.49999999875,0.5714285648979592,0.33710536327042817,1,0,0,0.9999999900000002,0.9999999900000002,0.9999999850000002,0.9724173330451734
BraTS-GLI-02093-106,0,0,0,0.0,0.0,0.0,0.0,2,0,1,0.999999995,0.6666666644444444,0.799999992,0.9075955927575148,3,0,2,0.9999999966666667,0.5999999988,0.7499999934375,0.6144006446347913,1,0,0,0.9999999900000002,0.9999999900000002,0.9999999850000002,0.9747424213742969
BraTS-GLI-02093-107,0,0,0,0.0,0.0,0.0,0.0,2,0,0,0.999999995,0.999999995,0.9999999900000001,0.9382482589608263,3,0,2,0.9999999966666667,0.5999999988,0.7499999934375,0.42075827886444994,1,0,0,0.9999999900000002,0.9999999900000002,0.9999999850000002,0.9790136685570945
BraTS-GLI-02093-108,0,0,0,0.0,0.0,0.0,0.0,2,1,1,0.6666666644444444,0.6666666644444444,0.6666666594444445,0.9215334344408956,3,0,5,0.9999999966666667,0.37499999953124996,0.5454545404958677,0.6446259446366466,1,0,0,0.9999999900000002,0.9999999900000002,0.9999999850000002,0.9791998755880436
BraTS-GLI-02093-109,0,0,0,0.0,0.0,0.0,0.0,2,1,1,0.6666666644444444,0.6666666644444444,0.6666666594444445,0.9000317600408507,3,2,1,0.5999999988,0.7499999981250001,0.6666666602469137,0.5927735079666784,1,0,0,0.9999999900000002,0.9999999900000002,0.9999999850000002,0.9734974692880975
BraTS-GLI-02124-100,0,0,1,0.0,0.0,0.0,0.0,3,4,8,0.4285714279591837,0.2727272724793388,0.33333332820987654,0.7430504288962233,4,0,0,0.9999999975,0.9999999975,0.9999999925,0.6841398674528699,1,0,0,0.9999999900000002,0.9999999900000002,0.9999999850000002,0.916889428918641
BraTS-GLI-02124-101,1,13,2,0.07142857137755101,0.3333333322222222,0.11764705577854677,0.9441316587269635,2,6,2,0.24999999968749997,0.49999999875,0.33333332833333335,0.5082766606281296,1,0,1,0.9999999900000002,0.4999999975,0.6666666577777778,0.9435748281332778,1,0,3,0.9999999900000002,0.249999999375,0.3999999952,0.8842840166370438
BraTS-GLI-02135-100,5,1,0,0.8333333319444445,0.9999999980000001,0.909090902479339,0.8664250052441025,2,1,0,0.6666666644444444,0.999999995,0.799999992,0.8304412991468457,2,0,0,0.999999995,0.999999995,0.9999999900000001,0.8222006027197157,0,0,0,0.0,0.0,0.0,0.0
BraTS-GLI-02135-101,6,0,6,0.9999999983333333,0.4999999995833333,0.6666666614814816,0.8756001480432696,1,3,1,0.249999999375,0.4999999975,0.33333332777777785,0.9705168227540775,2,4,0,0.33333333277777777,0.999999995,0.49999999500000003,0.9443144680864628,0,0,0,0.0,0.0,0.0,0.0
BraTS-GLI-02136-100,5,6,4,0.45454545413223135,0.5555555549382716,0.49999999455000005,0.5696749407051088,4,12,10,0.24999999984375,0.28571428551020406,0.2666666615111112,0.783382153532506,3,1,2,0.7499999981250001,0.5999999988,0.6666666602469137,0.5426595628803869,1,1,3,0.4999999975,0.249999999375,0.33333332777777785,0.4011111111144383
BraTS-GLI-02136-101,6,2,5,0.7499999990624999,0.5454545449586776,0.6315789418282548,0.8331956738719309,3,3,1,0.49999999916666665,0.7499999981250001,0.5999999940000001,0.6056536233913933,2,2,3,0.49999999875,0.3999999992,0.4444444385185186,0.707450675158074,1,0,0,0.9999999900000002,0.9999999900000002,0.9999999850000002,0.46572678658499894
BraTS-GLI-02136-102,7,7,7,0.49999999964285713,0.49999999964285713,0.4999999946428572,0.5493549031341514,2,8,2,0.1999999998,0.49999999875,0.28571428122448983,0.6764800822012709,3,0,3,0.9999999966666667,0.49999999916666665,0.6666666607407408,0.7070945076810785,1,1,0,0.4999999975,0.9999999900000002,0.6666666577777778,0.23827824750484905
BraTS-GLI-02136-103,10,2,8,0.8333333326388889,0.5555555552469136,0.6666666614222223,0.7755872752687092,5,10,6,0.3333333331111111,0.45454545413223135,0.38461537943786983,0.5610327265374992,2,2,0,0.49999999875,0.999999995,0.6666666600000001,0.8662755822677181,1,0,2,0.9999999900000002,0.3333333322222222,0.49999999375000004,0.4662379421307679
BraTS-GLI-02164-100,2,0,0,0.999999995,0.999999995,0.9999999900000001,0.4741363142849828,2,3,1,0.3999999992,0.6666666644444444,0.49999999406250006,0.63701377059617,1,0,0,0.9999999900000002,0.9999999900000002,0.9999999850000002,0.931638246041465,0,0,1,0.0,0.0,0.0,0.0
BraTS-GLI-02164-101,1,2,0,0.3333333322222222,0.9999999900000002,0.49999999375000004,0.9450549450579641,3,0,1,0.9999999966666667,0.7499999981250001,0.8571428497959185,0.6555477597133404,1,0,0,0.9999999900000002,0.9999999900000002,0.9999999850000002,0.937500000000052,0,0,1,0.0,0.0,0.0,0.0
BraTS-GLI-02164-102,2,0,0,0.999999995,0.999999995,0.9999999900000001,0.4820984003769831,1,0,4,0.9999999900000002,0.1999999996,0.33333332944444444,0.9312087657702977,1,0,0,0.9999999900000002,0.9999999900000002,0.9999999850000002,0.951969453376254,1,0,3,0.9999999900000002,0.249999999375,0.3999999952,0.014276002722589137
BraTS-GLI-02164-103,1,2,0,0.3333333322222222,0.9999999900000002,0.49999999375000004,0.8764044943959096,2,2,0,0.49999999875,0.999999995,0.6666666600000001,0.9627042373296726,1,0,0,0.9999999900000002,0.9999999900000002,0.9999999850000002,0.9056839475329392,1,0,0,0.9999999900000002,0.9999999900000002,0.9999999850000002,0.9147421427332614
BraTS-GLI-02164-104,0,0,1,0.0,0.0,0.0,0.0,1,0,0,0.9999999900000002,0.9999999900000002,0.9999999850000002,0.9601227954766218,1,0,1,0.9999999900000002,0.4999999975,0.6666666577777778,0.8422310756975254,1,0,0,0.9999999900000002,0.9999999900000002,0.9999999850000002,0.8940685336582117
BraTS-GLI-02186-100,2,1,0,0.6666666644444444,0.999999995,0.799999992,0.41166997035030867,1,0,1,0.9999999900000002,0.4999999975,0.6666666577777778,0.9595557889997792,3,2,1,0.5999999988,0.7499999981250001,0.6666666602469137,0.5798059776480526,1,0,0,0.9999999900000002,0.9999999900000002,0.9999999850000002,0.4786269430068697
BraTS-GLI-02186-101,1,6,0,0.14285714265306124,0.9999999900000002,0.24999999718750004,0.03295310520257951,1,1,2,0.4999999975,0.3333333322222222,0.39999999360000005,0.9166548980840845,5,0,4,0.9999999980000001,0.5555555549382716,0.7142857086734694,0.4578605359453559,0,0,7,0.0,0.0,0.0,0.0
BraTS-GLI-02186-102,7,12,21,0.3684210524376731,0.24999999991071428,0.2978723354821186,0.5667809687323281,3,6,2,0.3333333329629629,0.5999999988,0.42857142336734694,0.5602286457250502,5,16,19,0.23809523798185941,0.20833333324652778,0.22222221714567914,0.6060344671433682,0,0,0,0.0,0.0,0.0,0.0
BraTS-GLI-02186-103,0,0,0,0.0,0.0,0.0,0.0,1,7,8,0.12499999984374999,0.1111111109876543,0.11764705370242234,0.7584263304854449,2,1,34,0.6666666644444444,0.05555555554012345,0.10256410109138725,0.18748581807024162,1,0,1,0.9999999900000002,0.4999999975,0.6666666577777778,0.22192373039671742
BraTS-GLI-02193-100,0,0,0,0.0,0.0,0.0,0.0,3,0,1,0.9999999966666667,0.7499999981250001,0.8571428497959185,0.6199663798401837,1,3,0,0.249999999375,0.9999999900000002,0.3999999952,0.81471389646029,1,1,0,0.4999999975,0.9999999900000002,0.6666666577777778,0.8302227573751775
BraTS-GLI-02193-101,0,0,0,0.0,0.0,0.0,0.0,1,0,4,0.9999999900000002,0.1999999996,0.33333332944444444,0.9591986318104122,1,3,0,0.249999999375,0.9999999900000002,0.3999999952,0.7652916074002092,1,1,1,0.4999999975,0.4999999975,0.4999999925000001,0.8719973309609252
BraTS-GLI-02193-102,0,0,0,0.0,0.0,0.0,0.0,2,1,2,0.6666666644444444,0.49999999875,0.5714285648979592,0.502102280562116,2,2,0,0.49999999875,0.999999995,0.6666666600000001,0.8348753252090824,2,0,0,0.999999995,0.999999995,0.9999999900000001,0.584835246021422
BraTS-GLI-02193-103,0,0,0,0.0,0.0,0.0,0.0,2,0,2,0.999999995,0.49999999875,0.6666666600000001,0.892460756093719,2,2,0,0.49999999875,0.999999995,0.6666666600000001,0.8400954111806124,2,0,2,0.999999995,0.49999999875,0.6666666600000001,0.6123482237184013
BraTS-GLI-02193-104,0,0,0,0.0,0.0,0.0,0.0,2,0,3,0.999999995,0.3999999992,0.5714285657142857,0.5000909224239585,2,1,3,0.6666666644444444,0.3999999992,0.49999999406250006,0.30744632282976825,1,0,0,0.9999999900000002,0.9999999900000002,0.9999999850000002,0.7772504024104266
BraTS-GLI-02193-105,0,1,0,0.0,0.0,0.0,0.0,1,1,0,0.4999999975,0.9999999900000002,0.6666666577777778,0.9314247914446426,4,13,0,0.2352941175086505,0.9999999975,0.38095237750566896,0.5009013358090826,2,0,1,0.999999995,0.6666666644444444,0.799999992,0.5243101776112032
BraTS-GLI-02222-100,0,0,0,0.0,0.0,0.0,0.0,2,5,1,0.2857142853061225,0.6666666644444444,0.39999999500000005,0.6759876534720969,3,3,6,0.49999999916666665,0.3333333329629629,0.3999999946666667,0.6962493958265302,1,0,0,0.9999999900000002,0.9999999900000002,0.9999999850000002,0.8827129015808397
BraTS-GLI-02228-100,0,0,0,0.0,0.0,0.0,0.0,2,2,0,0.49999999875,0.999999995,0.6666666600000001,0.9484256705103831,1,0,4,0.9999999900000002,0.1999999996,0.33333332944444444,0.5986078886341949,0,1,0,0.0,0.0,0.0,0.0
BraTS-GLI-02241-100,0,0,0,0.0,0.0,0.0,0.0,3,2,2,0.5999999988,0.5999999988,0.5999999938,0.5686341636586398,0,1,2,0.0,0.0,0.0,0.0,1,0,0,0.9999999900000002,0.9999999900000002,0.9999999850000002,0.9769564688222657
BraTS-GLI-02241-101,0,0,0,0.0,0.0,0.0,0.0,4,2,3,0.6666666655555555,0.571428570612245,0.6153846094674558,0.6042679537625959,0,0,0,0.0,0.0,0.0,0.0,1,0,0,0.9999999900000002,0.9999999900000002,0.9999999850000002,0.9826629218831826
BraTS-GLI-02241-102,0,0,0,0.0,0.0,0.0,0.0,1,1,3,0.4999999975,0.249999999375,0.33333332777777785,0.8462965128908008,0,0,0,0.0,0.0,0.0,0.0,1,0,0,0.9999999900000002,0.9999999900000002,0.9999999850000002,0.9850678217257501
BraTS-GLI-02243-100,0,6,0,0.0,0.0,0.0,0.0,1,1,0,0.4999999975,0.9999999900000002,0.6666666577777778,0.9757605335936286,1,1,0,0.4999999975,0.9999999900000002,0.6666666577777778,0.9467169811321157,1,0,0,0.9999999900000002,0.9999999900000002,0.9999999850000002,0.9452109418614362
BraTS-GLI-02243-101,0,0,0,0.0,0.0,0.0,0.0,2,2,0,0.49999999875,0.999999995,0.6666666600000001,0.761816547402099,0,0,2,0.0,0.0,0.0,0.0,1,0,0,0.9999999900000002,0.9999999900000002,0.9999999850000002,0.9661255943597422
BraTS-GLI-02249-100,0,0,0,0.0,0.0,0.0,0.0,7,2,8,0.7777777769135802,0.46666666635555554,0.5833333281597223,0.5255133867306605,0,0,0,0.0,0.0,0.0,0.0,1,0,0,0.9999999900000002,0.9999999900000002,0.9999999850000002,0.9850153906608166
BraTS-GLI-02249-101,0,0,0,0.0,0.0,0.0,0.0,3,6,0,0.3333333329629629,0.9999999966666667,0.4999999954166666,0.7995776192162664,0,0,0,0.0,0.0,0.0,0.0,1,0,0,0.9999999900000002,0.9999999900000002,0.9999999850000002,0.9812743904342673
BraTS-GLI-02251-100,2,3,0,0.3999999992,0.999999995,0.5714285657142857,0.9032079646075069,1,3,1,0.249999999375,0.4999999975,0.33333332777777785,0.9851787362591264,2,1,0,0.6666666644444444,0.999999995,0.799999992,0.8183646325448559,2,0,1,0.999999995,0.6666666644444444,0.799999992,0.9382830340061552
BraTS-GLI-02254-100,0,0,0,0.0,0.0,0.0,0.0,1,0,0,0.9999999900000002,0.9999999900000002,0.9999999850000002,0.8294501397954972,1,3,0,0.249999999375,0.9999999900000002,0.3999999952,0.8308237378218298,1,0,1,0.9999999900000002,0.4999999975,0.6666666577777778,0.8865953742851448
BraTS-GLI-02254-101,0,0,0,0.0,0.0,0.0,0.0,1,3,0,0.249999999375,0.9999999900000002,0.3999999952,0.8989508558807617,0,0,0,0.0,0.0,0.0,0.0,1,0,1,0.9999999900000002,0.4999999975,0.6666666577777778,0.7497228995793622
BraTS-GLI-02327-100,1,0,3,0.9999999900000002,0.249999999375,0.3999999952,0.3870967743912591,5,5,3,0.49999999949999996,0.6249999992187499,0.5555555500000001,0.7010893550619391,1,2,1,0.3333333322222222,0.4999999975,0.39999999360000005,0.8901170351105728,1,0,0,0.9999999900000002,0.9999999900000002,0.9999999850000002,0.9633701347305474
BraTS-GLI-02341-100,4,5,3,0.4444444439506172,0.571428570612245,0.49999999445312515,0.6781293116340481,4,8,6,0.3333333330555555,0.3999999996,0.3636363583471074,0.6171751103354342,1,3,3,0.249999999375,0.249999999375,0.2499999943750001,0.9630660823236292,0,0,0,0.0,0.0,0.0,0.0
BraTS-GLI-02355-100,7,1,1,0.8749999989062499,0.8749999989062499,0.8749999939062499,0.398088721868334,1,1,0,0.4999999975,0.9999999900000002,0.6666666577777778,0.9805655344980879,1,0,0,0.9999999900000002,0.9999999900000002,0.9999999850000002,0.9878700961010082,0,0,3,0.0,0.0,0.0,0.0
BraTS-GLI-02365-100,19,4,2,0.8260869561625709,0.9047619043310657,0.8636363582541322,0.8724108304386187,4,25,8,0.1379310344351962,0.3333333330555555,0.1951219469839382,0.6298855505169872,1,1,2,0.4999999975,0.3333333322222222,0.39999999360000005,0.9803663027223479,0,1,0,0.0,0.0,0.0,0.0
BraTS-GLI-02380-100,0,1,0,0.0,0.0,0.0,0.0,6,18,8,0.24999999989583332,0.4285714282653061,0.31578946886426595,0.46716307384992156,1,3,1,0.249999999375,0.4999999975,0.33333332777777785,0.9464208555379647,1,1,0,0.4999999975,0.9999999900000002,0.6666666577777778,0.2972784939638644
BraTS-GLI-02403-100,6,5,15,0.5454545449586776,0.2857142855782313,0.3749999952539063,0.6396489386931409,2,7,8,0.2222222219753086,0.1999999998,0.21052631058171756,0.5584586869437032,1,1,2,0.4999999975,0.3333333322222222,0.39999999360000005,0.9432662148765795,1,0,6,0.9999999900000002,0.14285714265306124,0.24999999718750004,0.9142559109875125
BraTS-GLI-02498-100,2,2,1,0.49999999875,0.6666666644444444,0.5714285648979592,0.5347217549301991,1,0,0,0.9999999900000002,0.9999999900000002,0.9999999850000002,0.9804722200576669,1,0,1,0.9999999900000002,0.4999999975,0.6666666577777778,0.9721283149275141,0,1,1,0.0,0.0,0.0,0.0
BraTS-GLI-02498-101,0,0,0,0.0,0.0,0.0,0.0,2,0,0,0.999999995,0.999999995,0.9999999900000001,0.9166985289011751,3,1,10,0.7499999981250001,0.23076923059171597,0.35294117245674744,0.4105421097068747,1,0,0,0.9999999900000002,0.9999999900000002,0.9999999850000002,0.9663633164060705
BraTS-GLI-02498-102,1,0,0,0.9999999900000002,0.9999999900000002,0.9999999850000002,0.8582494190560941,1,0,0,0.9999999900000002,0.9999999900000002,0.9999999850000002,0.9778551175259937,5,2,0,0.7142857132653061,0.9999999980000001,0.8333333270833335,0.7525183583238786,1,1,2,0.4999999975,0.3333333322222222,0.39999999360000005,0.6527838033266048
BraTS-GLI-02520-100,0,3,2,0.0,0.0,0.0,0.0,2,2,4,0.49999999875,0.33333333277777777,0.3999999944,0.48083054109125245,2,5,11,0.2857142853061225,0.15384615372781063,0.1999999952500001,0.7717419629337777,0,1,1,0.0,0.0,0.0,0.0
BraTS-GLI-02520-101,9,22,3,0.29032258055150884,0.749999999375,0.4186046469442942,0.5809317506895596,2,4,3,0.33333333277777777,0.3999999992,0.36363635801652905,0.5564759110244704,2,6,27,0.24999999968749997,0.0689655172175981,0.10810810466033612,0.5180252894586465,1,1,2,0.4999999975,0.3333333322222222,0.39999999360000005,0.0009714396745667657
BraTS-GLI-02520-102,3,7,15,0.29999999969999996,0.16666666657407406,0.21428570954081638,0.48927223325761243,8,15,13,0.347826086805293,0.38095238077097504,0.36363635848140496,0.5811658775030452,9,3,9,0.749999999375,0.4999999997222222,0.5999999948,0.5859187368969485,1,0,19,0.9999999900000002,0.049999999975,0.09523809424036282,0.8658736221761676
BraTS-GLI-02520-103,0,0,1,0.0,0.0,0.0,0.0,2,2,5,0.49999999875,0.2857142853061225,0.36363635834710756,0.9019252665865776,4,1,6,0.7999999984,0.3999999996,0.5333333281777778,0.4725751412770428,1,0,4,0.9999999900000002,0.1999999996,0.33333332944444444,0.9557649873172432
BraTS-GLI-02520-104,0,1,1,0.0,0.0,0.0,0.0,4,3,4,0.571428570612245,0.49999999937499995,0.5333333276444445,0.6883803401696267,2,2,2,0.49999999875,0.49999999875,0.4999999937500001,0.9067074559000832,1,0,0,0.9999999900000002,0.9999999900000002,0.9999999850000002,0.982998528950736
BraTS-GLI-02553-100,2,4,0,0.33333333277777777,0.999999995,0.49999999500000003,0.4692965904638115,2,2,6,0.49999999875,0.24999999968749997,0.33333332833333335,0.5247609629900737,5,1,16,0.8333333319444445,0.23809523798185941,0.3703703666392319,0.5532444282911542,2,0,752,0.999999995,0.0026525198938640248,0.0052910052380952385,0.10541491228067448
BraTS-GLI-02553-101,5,6,43,0.45454545413223135,0.10416666664496528,0.16949152233266304,0.3905907239038135,5,6,12,0.45454545413223135,0.29411764688581316,0.357142852117347,0.7118571499302191,3,6,3,0.3333333329629629,0.49999999916666665,0.3999999946666667,0.6777246224860346,1,0,4,0.9999999900000002,0.1999999996,0.33333332944444444,0.938245442443022
BraTS-GLI-02608-100,1,3,0,0.249999999375,0.9999999900000002,0.3999999952,0.39076825798389064,1,1,0,0.4999999975,0.9999999900000002,0.6666666577777778,0.9060113355362531,1,2,0,0.3333333322222222,0.9999999900000002,0.49999999375000004,0.9679093005380631,0,0,4,0.0,0.0,0.0,0.0
BraTS-GLI-02608-101,8,4,2,0.666666666111111,0.7999999992,0.7272727216528925,0.6123760445796937,1,0,0,0.9999999900000002,0.9999999900000002,0.9999999850000002,0.7999189912276133,2,1,1,0.6666666644444444,0.6666666644444444,0.6666666594444445,0.945177220335783,1,0,0,0.9999999900000002,0.9999999900000002,0.9999999850000002,0.9169859514692402
BraTS-GLI-02608-102,6,4,4,0.5999999993999999,0.5999999993999999,0.5999999944000001,0.7228664885488922,1,0,0,0.9999999900000002,0.9999999900000002,0.9999999850000002,0.9420917936212884,1,2,0,0.3333333322222222,0.9999999900000002,0.49999999375000004,0.9849841938883084,1,0,1,0.9999999900000002,0.4999999975,0.6666666577777778,0.97463617463628
BraTS-GLI-02608-103,1,8,0,0.1111111109876543,0.9999999900000002,0.1999999978,0.5714285720408163,1,0,0,0.9999999900000002,0.9999999900000002,0.9999999850000002,0.9524577626364491,3,0,11,0.9999999966666667,0.21428571413265304,0.3529411731487889,0.3771547558984159,2,1,5,0.6666666644444444,0.2857142853061225,0.39999999500000005,0.8518461950609938
BraTS-GLI-02608-104,0,0,0,0.0,0.0,0.0,0.0,1,0,0,0.9999999900000002,0.9999999900000002,0.9999999850000002,0.9481369662367204,1,1,7,0.4999999975,0.12499999984374999,0.19999999640000002,0.9524018184806089,1,0,1,0.9999999900000002,0.4999999975,0.6666666577777778,0.9894130176032141
BraTS-GLI-02608-105,0,0,0,0.0,0.0,0.0,0.0,1,1,8,0.4999999975,0.1111111109876543,0.1818181785123967,0.9340375990373749,1,0,1,0.9999999900000002,0.4999999975,0.6666666577777778,0.9551604509974175,1,0,0,0.9999999900000002,0.9999999900000002,0.9999999850000002,0.9940403532706276
BraTS-GLI-02635-100,0,0,0,0.0,0.0,0.0,0.0,1,0,0,0.9999999900000002,0.9999999900000002,0.9999999850000002,0.9723917791342486,0,0,0,0.0,0.0,0.0,0.0,0,1,0,0.0,0.0,0.0,0.0
BraTS-GLI-02635-101,0,0,0,0.0,0.0,0.0,0.0,2,1,1,0.6666666644444444,0.6666666644444444,0.6666666594444445,0.4214464098998629,0,1,0,0.0,0.0,0.0,0.0,0,0,0,0.0,0.0,0.0,0.0
BraTS-GLI-02637-100,0,0,0,0.0,0.0,0.0,0.0,1,1,2,0.4999999975,0.3333333322222222,0.39999999360000005,0.8655886613680492,1,1,4,0.4999999975,0.1999999996,0.28571428081632655,0.7453722747843012,1,0,2,0.9999999900000002,0.3333333322222222,0.49999999375000004,0.8688211583340154
BraTS-GLI-02637-101,0,0,0,0.0,0.0,0.0,0.0,1,0,0,0.9999999900000002,0.9999999900000002,0.9999999850000002,0.9288648698691252,0,0,0,0.0,0.0,0.0,0.0,1,0,0,0.9999999900000002,0.9999999900000002,0.9999999850000002,0.8962367555719835
BraTS-GLI-02654-100,0,0,4,0.0,0.0,0.0,0.0,2,1,5,0.6666666644444444,0.2857142853061225,0.39999999500000005,0.8818175015355616,1,2,3,0.3333333322222222,0.249999999375,0.28571428000000004,0.5191740412995111,1,0,0,0.9999999900000002,0.9999999900000002,0.9999999850000002,0.907445866070275
BraTS-GLI-02657-100,0,0,0,0.0,0.0,0.0,0.0,4,3,2,0.571428570612245,0.6666666655555555,0.6153846094674558,0.629027693086791,0,0,0,0.0,0.0,0.0,0.0,1,0,0,0.9999999900000002,0.9999999900000002,0.9999999850000002,0.9886608015640292
BraTS-GLI-02660-100,4,2,14,0.6666666655555555,0.2222222220987654,0.33333332930555554,0.5319201879639657,1,10,32,0.09090909082644627,0.030303030293847566,0.0454545416838846,0.8708892561177216,5,14,3,0.26315789459833794,0.6249999992187499,0.3703703659259259,0.49343908135036213,1,0,6,0.9999999900000002,0.14285714265306124,0.24999999718750004,0.950320284697512
BraTS-GLI-02722-100,0,0,0,0.0,0.0,0.0,0.0,1,0,3,0.9999999900000002,0.249999999375,0.3999999952,0.9495656858124145,0,0,0,0.0,0.0,0.0,0.0,1,0,2,0.9999999900000002,0.3333333322222222,0.49999999375000004,0.8280802292275925
BraTS-GLI-02724-100,0,0,1,0.0,0.0,0.0,0.0,2,2,1,0.49999999875,0.6666666644444444,0.5714285648979592,0.9673951994466023,1,6,1,0.14285714265306124,0.4999999975,0.22222221827160496,0.7746478873398135,1,0,1,0.9999999900000002,0.4999999975,0.6666666577777778,0.6199887069459439
BraTS-GLI-02735-100,0,0,0,0.0,0.0,0.0,0.0,1,2,1,0.3333333322222222,0.4999999975,0.39999999360000005,0.955950949747546,1,3,1,0.249999999375,0.4999999975,0.33333332777777785,0.16226415095920255,1,0,0,0.9999999900000002,0.9999999900000002,0.9999999850000002,0.9371170015676327
BraTS-GLI-02735-101,0,0,0,0.0,0.0,0.0,0.0,1,2,1,0.3333333322222222,0.4999999975,0.39999999360000005,0.9637438369970952,0,0,3,0.0,0.0,0.0,0.0,1,0,1,0.9999999900000002,0.4999999975,0.6666666577777778,0.9439656664244032
BraTS-GLI-02745-100,4,3,0,0.571428570612245,0.9999999975,0.7272727213223142,0.6252690188092563,5,10,3,0.3333333331111111,0.6249999992187499,0.43478260378071826,0.651476993076831,1,0,1,0.9999999900000002,0.4999999975,0.6666666577777778,0.9388041381729272,0,1,0,0.0,0.0,0.0,0.0
BraTS-GLI-02745-101,7,4,0,0.6363636357851239,0.9999999985714286,0.7777777721604938,0.5767797262176148,5,8,4,0.3846153843195266,0.5555555549382716,0.45454544929752067,0.34441173872649244,2,0,0,0.999999995,0.999999995,0.9999999900000001,0.9475631573685511,0,0,0,0.0,0.0,0.0,0.0
BraTS-GLI-02766-100,0,0,0,0.0,0.0,0.0,0.0,4,6,4,0.3999999996,0.49999999937499995,0.4444444390123457,0.5651397558520727,1,0,0,0.9999999900000002,0.9999999900000002,0.9999999850000002,0.60000000008,1,1,0,0.4999999975,0.9999999900000002,0.6666666577777778,0.9469180565627362
BraTS-GLI-02766-101,0,0,0,0.0,0.0,0.0,0.0,6,6,1,0.4999999995833333,0.8571428559183674,0.6315789420498615,0.7693786712603748,0,0,1,0.0,0.0,0.0,0.0,1,0,0,0.9999999900000002,0.9999999900000002,0.9999999850000002,0.9635526672082384
BraTS-GLI-02769-100,0,0,0,0.0,0.0,0.0,0.0,4,9,1,0.30769230745562126,0.7999999984,0.4444444399382716,0.7840053851711971,1,3,2,0.249999999375,0.3333333322222222,0.28571428000000004,0.650304923397813,1,0,5,0.9999999900000002,0.16666666638888888,0.2857142824489796,0.37762054507419074
BraTS-GLI-02769-101,0,0,0,0.0,0.0,0.0,0.0,4,3,2,0.571428570612245,0.6666666655555555,0.6153846094674558,0.8128092979137669,3,0,3,0.9999999966666667,0.49999999916666665,0.6666666607407408,0.6380538875886345,1,0,0,0.9999999900000002,0.9999999900000002,0.9999999850000002,0.8251802124031117
BraTS-GLI-02789-100,0,0,0,0.0,0.0,0.0,0.0,3,0,0,0.9999999966666667,0.9999999966666667,0.9999999916666666,0.6705517681045272,0,1,0,0.0,0.0,0.0,0.0,1,0,0,0.9999999900000002,0.9999999900000002,0.9999999850000002,0.5036372023704354
BraTS-GLI-02789-101,0,0,0,0.0,0.0,0.0,0.0,2,3,0,0.3999999992,0.999999995,0.5714285657142857,0.7993585105221868,0,0,0,0.0,0.0,0.0,0.0,1,0,0,0.9999999900000002,0.9999999900000002,0.9999999850000002,0.5155230390922071
BraTS-GLI-02791-100,4,3,2,0.571428570612245,0.6666666655555555,0.6153846094674558,0.47126356050903073,3,15,10,0.16666666657407406,0.23076923059171597,0.19354838210197722,0.5038711476180359,3,3,1,0.49999999916666665,0.7499999981250001,0.5999999940000001,0.7735578498820631,0,1,0,0.0,0.0,0.0,0.0
BraTS-GLI-02791-101,4,1,7,0.7999999984,0.3636363633057851,0.499999995078125,0.6560239464590839,5,10,17,0.3333333331111111,0.22727272716942148,0.2702702653031411,0.5238928874598355,3,3,2,0.49999999916666665,0.5999999988,0.5454545395041324,0.5929440088349854,0,0,0,0.0,0.0,0.0,0.0
BraTS-GLI-02796-100,0,0,0,0.0,0.0,0.0,0.0,1,0,0,0.9999999900000002,0.9999999900000002,0.9999999850000002,0.9712882026414884,0,0,0,0.0,0.0,0.0,0.0,1,0,0,0.9999999900000002,0.9999999900000002,0.9999999850000002,0.9168681635003357
BraTS-GLI-02796-101,0,0,0,0.0,0.0,0.0,0.0,1,1,0,0.4999999975,0.9999999900000002,0.6666666577777778,0.9735506786756339,0,0,0,0.0,0.0,0.0,0.0,1,0,0,0.9999999900000002,0.9999999900000002,0.9999999850000002,0.8837885302489652
BraTS-GLI-02808-100,0,0,0,0.0,0.0,0.0,0.0,2,3,3,0.3999999992,0.3999999992,0.39999999420000004,0.7592600645930327,1,1,0,0.4999999975,0.9999999900000002,0.6666666577777778,0.2757172848196241,1,0,0,0.9999999900000002,0.9999999900000002,0.9999999850000002,0.9504300259790593
BraTS-GLI-02808-101,0,0,0,0.0,0.0,0.0,0.0,3,2,3,0.5999999988,0.49999999916666665,0.5454545395041324,0.5569118753514796,1,1,0,0.4999999975,0.9999999900000002,0.6666666577777778,0.5758706467688068,1,0,1,0.9999999900000002,0.4999999975,0.6666666577777778,0.9430368012854229
BraTS-GLI-02858-100,0,0,0,0.0,0.0,0.0,0.0,1,0,0,0.9999999900000002,0.9999999900000002,0.9999999850000002,0.9400984799828987,0,0,0,0.0,0.0,0.0,0.0,1,0,0,0.9999999900000002,0.9999999900000002,0.9999999850000002,0.955401137081519
BraTS-GLI-02858-101,0,0,0,0.0,0.0,0.0,0.0,1,0,0,0.9999999900000002,0.9999999900000002,0.9999999850000002,0.950226650509425,0,0,0,0.0,0.0,0.0,0.0,1,0,0,0.9999999900000002,0.9999999900000002,0.9999999850000002,0.9425193640440612
BraTS-GLI-02873-100,0,0,0,0.0,0.0,0.0,0.0,1,7,8,0.12499999984374999,0.1111111109876543,0.11764705370242234,0.6781803815332675,0,2,0,0.0,0.0,0.0,0.0,1,0,0,0.9999999900000002,0.9999999900000002,0.9999999850000002,0.9551838231528098
BraTS-GLI-02873-101,0,0,0,0.0,0.0,0.0,0.0,1,4,1,0.1999999996,0.4999999975,0.28571428081632655,0.7448832516577832,0,0,0,0.0,0.0,0.0,0.0,1,0,1,0.9999999900000002,0.4999999975,0.6666666577777778,0.9708921948576936
BraTS-GLI-02882-100,0,0,0,0.0,0.0,0.0,0.0,3,0,1,0.9999999966666667,0.7499999981250001,0.8571428497959185,0.882134223676665,0,0,0,0.0,0.0,0.0,0.0,1,1,0,0.4999999975,0.9999999900000002,0.6666666577777778,0.6616801400117381
BraTS-GLI-02882-101,0,0,0,0.0,0.0,0.0,0.0,3,1,4,0.7499999981250001,0.4285714279591837,0.5454545398347109,0.9098628633917106,0,0,0,0.0,0.0,0.0,0.0,1,1,0,0.4999999975,0.9999999900000002,0.6666666577777778,0.6967713787086177
BraTS-GLI-02910-100,0,0,0,0.0,0.0,0.0,0.0,4,2,5,0.6666666655555555,0.4444444439506172,0.5333333278222222,0.4888478944563042,0,7,0,0.0,0.0,0.0,0.0,1,0,0,0.9999999900000002,0.9999999900000002,0.9999999850000002,0.9484299704648009
BraTS-GLI-02910-101,0,0,0,0.0,0.0,0.0,0.0,3,2,3,0.5999999988,0.49999999916666665,0.5454545395041324,0.8034495623151593,0,2,0,0.0,0.0,0.0,0.0,1,0,0,0.9999999900000002,0.9999999900000002,0.9999999850000002,0.9534928156527145
BraTS-GLI-02922-100,0,0,0,0.0,0.0,0.0,0.0,5,4,10,0.5555555549382716,0.3333333331111111,0.4166666616319445,0.624208959677136,3,5,0,0.37499999953124996,0.9999999966666667,0.5454545404958677,0.674091316644576,2,0,4,0.999999995,0.33333333277777777,0.49999999500000003,0.4843275537789037
BraTS-GLI-02922-101,1,3,4,0.249999999375,0.1999999996,0.2222222167901236,0.22222222239506173,2,10,6,0.16666666652777776,0.24999999968749997,0.1999999950000001,0.8511688541999762,3,5,12,0.37499999953124996,0.19999999986666667,0.26086956045368626,0.4585547066194784,1,1,0,0.4999999975,0.9999999900000002,0.6666666577777778,0.9680014900353923
BraTS-GLI-02924-100,3,7,5,0.29999999969999996,0.37499999953124996,0.3333333280246914,0.29811761676979137,2,1,6,0.6666666644444444,0.24999999968749997,0.36363635900826446,0.7483907322669103,3,0,1,0.9999999966666667,0.7499999981250001,0.8571428497959185,0.5421840318556728,1,0,1,0.9999999900000002,0.4999999975,0.6666666577777778,0.7842259823803884
BraTS-GLI-02924-101,8,6,9,0.5714285710204081,0.470588235017301,0.5161290269719043,0.6681073898868057,2,3,0,0.3999999992,0.999999995,0.5714285657142857,0.615122972279831,2,1,4,0.6666666644444444,0.33333333277777777,0.44444443901234576,0.8432382090036106,1,0,0,0.9999999900000002,0.9999999900000002,0.9999999850000002,0.42991418063167175
BraTS-GLI-02926-100,1,1,5,0.4999999975,0.16666666638888888,0.24999999562500003,0.5000000002083334,2,0,1,0.999999995,0.6666666644444444,0.799999992,0.5051778079219807,1,1,7,0.4999999975,0.12499999984374999,0.19999999640000002,0.8423326133911415,0,0,2,0.0,0.0,0.0,0.0
BraTS-GLI-02926-101,1,1,2,0.4999999975,0.3333333322222222,0.39999999360000005,0.7142857144897959,2,3,3,0.3999999992,0.3999999992,0.39999999420000004,0.46219236912533584,1,0,4,0.9999999900000002,0.1999999996,0.33333332944444444,0.8915969958907587,0,0,1,0.0,0.0,0.0,0.0
BraTS-GLI-02968-100,0,0,0,0.0,0.0,0.0,0.0,1,3,4,0.249999999375,0.1999999996,0.2222222167901236,0.8447317910900876,0,0,3,0.0,0.0,0.0,0.0,1,0,0,0.9999999900000002,0.9999999900000002,0.9999999850000002,0.8989082423536137
BraTS-GLI-02968-101,0,0,0,0.0,0.0,0.0,0.0,1,0,8,0.9999999900000002,0.1111111109876543,0.1999999978,0.7875324675325779,3,0,1,0.9999999966666667,0.7499999981250001,0.8571428497959185,0.7644202674267865,1,0,1,0.9999999900000002,0.4999999975,0.6666666577777778,0.7595147478594677
BraTS-GLI-02977-100,0,0,0,0.0,0.0,0.0,0.0,1,1,2,0.4999999975,0.3333333322222222,0.39999999360000005,0.7811771856955825,0,1,1,0.0,0.0,0.0,0.0,1,0,1,0.9999999900000002,0.4999999975,0.6666666577777778,0.8713248422807575
BraTS-GLI-02977-101,0,0,0,0.0,0.0,0.0,0.0,1,1,1,0.4999999975,0.4999999975,0.4999999925000001,0.8318245569298177,0,0,0,0.0,0.0,0.0,0.0,1,0,0,0.9999999900000002,0.9999999900000002,0.9999999850000002,0.900721325918231
BraTS-GLI-02980-100,0,0,0,0.0,0.0,0.0,0.0,1,0,0,0.9999999900000002,0.9999999900000002,0.9999999850000002,0.8715453612683707,0,0,0,0.0,0.0,0.0,0.0,1,0,0,0.9999999900000002,0.9999999900000002,0.9999999850000002,0.9341577540107502
BraTS-GLI-02980-101,0,0,0,0.0,0.0,0.0,0.0,1,0,0,0.9999999900000002,0.9999999900000002,0.9999999850000002,0.9530094672102989,0,0,0,0.0,0.0,0.0,0.0,1,0,0,0.9999999900000002,0.9999999900000002,0.9999999850000002,0.9531316939422901
BraTS-GLI-02994-100,0,0,0,0.0,0.0,0.0,0.0,1,0,3,0.9999999900000002,0.249999999375,0.3999999952,0.8009261579480388,0,2,0,0.0,0.0,0.0,0.0,1,0,5,0.9999999900000002,0.16666666638888888,0.2857142824489796,0.7881801030034705
BraTS-GLI-02994-101,0,0,0,0.0,0.0,0.0,0.0,2,4,2,0.33333333277777777,0.49999999875,0.3999999944,0.7719224201350859,0,2,0,0.0,0.0,0.0,0.0,1,0,6,0.9999999900000002,0.14285714265306124,0.24999999718750004,0.8949544172803968
BraTS-GLI-03005-100,1,0,0,0.9999999900000002,0.9999999900000002,0.9999999850000002,0.4545454547933884,2,0,1,0.999999995,0.6666666644444444,0.799999992,0.8237458567121734,1,0,0,0.9999999900000002,0.9999999900000002,0.9999999850000002,0.9388627618641316,0,0,1,0.0,0.0,0.0,0.0
BraTS-GLI-03005-101,0,1,0,0.0,0.0,0.0,0.0,2,1,1,0.6666666644444444,0.6666666644444444,0.6666666594444445,0.8700572733134686,1,0,1,0.9999999900000002,0.4999999975,0.6666666577777778,0.9108209780926957,1,0,0,0.9999999900000002,0.9999999900000002,0.9999999850000002,0.6032906764240715
BraTS-GLI-03008-100,1,5,12,0.16666666638888888,0.07692307686390532,0.10526315346260404,0.488980716256963,1,1,6,0.4999999975,0.14285714265306124,0.22222221827160496,0.9207218443669323,1,0,1,0.9999999900000002,0.4999999975,0.6666666577777778,0.8948522031259818,1,1,8,0.4999999975,0.1111111109876543,0.1818181785123967,0.9505531805588774
BraTS-GLI-03008-101,2,10,9,0.16666666652777776,0.18181818165289254,0.17391303833648408,0.30911332186903917,4,12,6,0.24999999984375,0.3999999996,0.3076923027218935,0.5890856979671572,2,2,4,0.49999999875,0.33333333277777777,0.3999999944,0.7086154770702362,1,1,0,0.4999999975,0.9999999900000002,0.6666666577777778,0.8777068023700864
BraTS-GLI-03011-100,2,1,4,0.6666666644444444,0.33333333277777777,0.44444443901234576,0.7717041801570333,1,3,4,0.249999999375,0.1999999996,0.2222222167901236,0.8586378281175941,2,0,2,0.999999995,0.49999999875,0.6666666600000001,0.6462960319895072,0,0,1,0.0,0.0,0.0,0.0
BraTS-GLI-03011-101,1,3,7,0.249999999375,0.12499999984374999,0.16666666194444454,0.8155453798287946,3,5,10,0.37499999953124996,0.23076923059171597,0.2857142807256236,0.47624031382099136,8,5,17,0.6153846149112425,0.319999999872,0.4210526268559557,0.6766820077423499,0,0,0,0.0,0.0,0.0,0.0
BraTS-GLI-03029-100,1,5,16,0.16666666638888888,0.05882352937716263,0.08695651780718354,0.320328542099108,2,1,8,0.6666666644444444,0.1999999998,0.3076923036686391,0.5668055283458834,3,0,5,0.9999999966666667,0.37499999953124996,0.5454545404958677,0.6438453387572446,1,1,1,0.4999999975,0.4999999975,0.4999999925000001,0.860606060606289
BraTS-GLI-03029-101,1,1,2,0.4999999975,0.3333333322222222,0.39999999360000005,0.12500000002604167,1,4,3,0.1999999996,0.249999999375,0.2222222167901236,0.8772425449716434,5,0,7,0.9999999980000001,0.41666666631944443,0.5882352892733564,0.46743027684725924,1,0,2,0.9999999900000002,0.3333333322222222,0.49999999375000004,0.44826687516432556
BraTS-GLI-03063-100,1,0,0,0.9999999900000002,0.9999999900000002,0.9999999850000002,0.6140776699052545,1,3,2,0.249999999375,0.3333333322222222,0.28571428000000004,0.9230968689902631,7,10,8,0.4117647056401384,0.46666666635555554,0.43749999474609375,0.5123060393652429,1,0,3,0.9999999900000002,0.249999999375,0.3999999952,0.9339664003935352
