case_id,WT,TC,ET,RC,mean_wt_tc_et,dice_1_netc,dice_2_snf_h,dice_3_et,dice_4_rc
BraTS-GLI-00543-100,0.8762901137223227,0.0,0.0,0.8829948351520329,0.2920967045741076,1.0,0.8775675571389986,0.0,0.8829948351520329
BraTS-GLI-00543-101,0.8684955523301766,0.0,0.0,0.8922875066628398,0.2894985174433922,1.0,0.869838523644752,0.0,0.8922875066628398
BraTS-GLI-00549-100,0.776723070573669,1.0,1.0,0.8154859967051071,0.9255743568578897,1.0,0.776723070573669,1.0,0.8154859967051071
BraTS-GLI-00549-101,0.7652708895724779,1.0,1.0,0.8295819935691319,0.921756963190826,1.0,0.7652708895724779,1.0,0.8295819935691319
BraTS-GLI-00553-100,0.5880101510171818,1.0,1.0,0.937975732911297,0.8626700503390605,1.0,0.5880101510171818,1.0,0.937975732911297
BraTS-GLI-00553-101,0.8766538714974532,0.9206484641638225,0.9125874125874126,0.9560316841968576,0.9032965827495628,0.75,0.8717096445611966,0.9125874125874126,0.9560316841968576
BraTS-GLI-00557-100,0.9585808345772916,0.8839129626185606,0.9472662568747978,0.2612708555200568,0.92992001802355,0.0602688919796013,0.9663946730874987,0.9472662568747978,0.2612708555200568
BraTS-GLI-00557-101,0.9616304073615799,0.9185120280388721,0.9308283154960744,0.6936170212765957,0.9369902502988422,0.6011812247435498,0.9464522232734153,0.9308283154960744,0.6936170212765957
BraTS-GLI-02062-100,0.9150384109495034,0.8319502074688797,0.8319502074688797,0.801164271420775,0.8596462752957543,1.0,0.9162692208743147,0.8319502074688797,0.801164271420775
BraTS-GLI-02062-101,0.8892862228832735,0.03621730382293763,0.03621730382293763,0.8626544992491625,0.3205736101763829,1.0,0.8957609007687155,0.03621730382293763,0.8626544992491625
BraTS-GLI-02062-102,0.9347606755853719,0.6711409395973155,0.6711409395973155,0.8607231431927946,0.7590141849266675,1.0,0.9366066209681705,0.6711409395973155,0.8607231431927946
BraTS-GLI-02062-103,0.8896656292394861,0.5686274509803921,0.5686274509803921,0.885058809828811,0.6756401770667567,1.0,0.891030893055087,0.5686274509803921,0.885058809828811
BraTS-GLI-02062-104,0.8163685047925803,0.7244897959183674,0.7244897959183674,0.8325219084712756,0.7551160322097717,1.0,0.8171209304165513,0.7244897959183674,0.8325219084712756
BraTS-GLI-02062-105,0.9734017037465884,0.9721452145214522,0.9714096185737977,0.7718681318681319,0.9723188456139461,0.18666666666666668,0.9684379727685325,0.9714096185737977,0.7718681318681319
BraTS-GLI-02063-100,0.9718397064206915,0.8883536286185825,0.9538461538461539,0.0,0.9380131629618093,0.06174957118353345,0.9763540357053055,0.9538461538461539,0.0
BraTS-GLI-02063-101,0.9511563136526764,0.9138537729701551,0.95343495510545,0.0,0.9394816805760938,0.20429009193054137,0.9524311585214587,0.95343495510545,0.0
BraTS-GLI-02063-102,0.960811995491444,0.9342118202379782,0.9325044404973357,0.7767195767195767,0.9425094187422527,0.5714285714285714,0.9586880728955812,0.9325044404973357,0.7767195767195767
BraTS-GLI-02063-103,0.9697224037700801,0.8814984709480123,0.8773148148148148,0.8642871546682799,0.9095118965109691,0.0,0.9695318028009163,0.8773148148148148,0.8642871546682799
BraTS-GLI-02063-104,0.982636102485375,0.8413344182262001,0.8413344182262001,0.8104072398190045,0.8884349796459251,1.0,0.9828215325324915,0.8413344182262001,0.8104072398190045
BraTS-GLI-02063-105,0.9796756991156839,0.7822318526543879,0.7822318526543879,0.7846867749419953,0.8480464681414865,1.0,0.9801541605718258,0.7822318526543879,0.7846867749419953
BraTS-GLI-02063-106,0.9796737694834763,0.7534456355283308,0.7534456355283308,0.7662650602409639,0.8288550135133793,1.0,0.9799594405861983,0.7534456355283308,0.7662650602409639
BraTS-GLI-02093-100,0.9284779470296963,0.7749399038461539,0.7749399038461539,0.9803839061397756,0.8261192515740013,1.0,0.9280621396065875,0.7749399038461539,0.9803839061397756
BraTS-GLI-02093-101,0.9570305543541863,0.7462951985773563,0.7462951985773563,0.9799094267375217,0.8165403171696329,1.0,0.9646842735090307,0.7462951985773563,0.9799094267375217
BraTS-GLI-02093-102,0.9527486810918266,0.7924905132814061,0.7924905132814061,0.9791535589950086,0.8459099025515463,1.0,0.9540065607687805,0.7924905132814061,0.9791535589950086
BraTS-GLI-02093-103,0.9624281285604515,0.6323783224024854,0.6323783224024854,0.9767681573104979,0.7423949244551408,1.0,0.9656540607563546,0.6323783224024854,0.9767681573104979
BraTS-GLI-02093-104,0.9366789667896679,0.605457227138643,0.605457227138643,0.9721613417008127,0.7158644736889846,1.0,0.937128375085291,0.605457227138643,0.9721613417008127
BraTS-GLI-02093-105,0.9399013997012913,0.3850403739906502,0.3850403739906502,0.9724173330451696,0.5699940492275306,1.0,0.9418601478732982,0.3850403739906502,0.9724173330451696
BraTS-GLI-02093-106,0.944448695386028,0.4685212298682284,0.4685212298682284,0.9747424213742936,0.6271637183741616,1.0,0.9470944213947834,0.4685212298682284,0.9747424213742936
BraTS-GLI-02093-107,0.9569145524272242,0.571921749136939,0.571921749136939,0.9790136685570917,0.7002526835670341,1.0,0.9619347172712658,0.571921749136939,0.9790136685570917
BraTS-GLI-02093-108,0.9479445870834862,0.6096440872560276,0.6096440872560276,0.9791998755880409,0.7224109205318472,1.0,0.9526784681244939,0.6096440872560276,0.9791998755880409
BraTS-GLI-02093-109,0.9412571820598576,0.4878472222222222,0.4878472222222222,0.9734974692880942,0.6389838755014341,1.0,0.9440520824250879,0.4878472222222222,0.9734974692880942
BraTS-GLI-02124-100,0.9127625201938611,0.83268719118206,0.8612621129756559,0.9168894289185905,0.8689039414505256,0.0,0.9177728965714832,0.8612621129756559,0.9168894289185905
BraTS-GLI-02124-101,0.9681332944822654,0.9370890175679655,0.9436306911321453,0.8834965865241912,0.9496176677274587,0.7464212678936605,0.9695021862973641,0.9436306911321453,0.8834965865241912
BraTS-GLI-02135-100,0.9724042148485855,0.9663145874964316,0.9596598673887736,1.0,0.966126223244597,0.9167327517842981,0.9680261245581613,0.9596598673887736,1.0
BraTS-GLI-02135-101,0.9774049757361498,0.9601669195751138,0.9563864140372719,1.0,0.9646527697828451,0.8767123287671232,0.9711432312392493,0.9563864140372719,1.0
BraTS-GLI-02136-100,0.9411398053576235,0.9616719628452701,0.9376739920741493,0.3980154355016538,0.9468285867590143,0.9299412161511034,0.8697146322563256,0.9376739920741493,0.3980154355016538
BraTS-GLI-02136-101,0.9236850278099326,0.9113158449961319,0.8972756810797301,0.4657267865824016,0.9107588512952649,0.8560469314079422,0.8470283018867925,0.8972756810797301,0.4657267865824016
BraTS-GLI-02136-102,0.9346140388500739,0.950235751105465,0.9234006734006734,0.37310806054206264,0.9360834877854041,0.8493936627982788,0.8668596844578718,0.9234006734006734,0.37310806054206264
BraTS-GLI-02136-103,0.9581234256926953,0.9657375837485992,0.9550524572059635,0.45241809672386896,0.9596378222157527,0.9246635203635728,0.9290012936125537,0.9550524572059635,0.45241809672386896
BraTS-GLI-02164-100,0.8366070129492216,0.6991391280199944,0.9316382460414129,0.0,0.8224614623368763,0.05257753132059971,0.9105152154263332,0.9316382460414129,0.0
BraTS-GLI-02164-101,0.9033555852247441,0.7301506579365584,0.9375,0.0,0.8570020810537674,0.04649905379832387,0.9518840866383147,0.9375,0.0
BraTS-GLI-02164-102,0.9010472651331347,0.7729819300875878,0.9519694533762058,0.01554579249746536,0.8753328828656427,0.05880191106210952,0.9203607313771474,0.9519694533762058,0.01554579249746536
BraTS-GLI-02164-103,0.9672888835877863,0.9076923076923077,0.905683947532792,0.9147421427331134,0.9268883796042954,0.8125,0.962854124017698,0.905683947532792,0.9147421427331134
BraTS-GLI-02164-104,0.9644241236664489,0.8405624876213111,0.8418956590999602,0.8940685336580275,0.88229409012924,0.0,0.9601227954766156,0.8418956590999602,0.8940685336580275
BraTS-GLI-02186-100,0.9480692656727475,0.7498808956646021,0.7839777387229057,0.4786269430051813,0.8273093000200852,0.08293153326904533,0.9594735093304179,0.7839777387229057,0.4786269430051813
BraTS-GLI-02186-101,0.8953424446137672,0.7157575100314499,0.7685074982147108,0.0,0.7932024842866426,0.031746031746031744,0.913783596710426,0.7685074982147108,0.0
BraTS-GLI-02186-102,0.9521180157130649,0.8431011055327673,0.8734982864459759,0.0,0.8895724692306027,0.7035315065782966,0.8397836000255878,0.8734982864459759,0.0
BraTS-GLI-02186-103,0.7580427713208442,0.13545816733067728,0.13545816733067728,0.22144898720019884,0.3429863686607329,1.0,0.7588008938588927,0.13545816733067728,0.22144898720019884
BraTS-GLI-02193-100,0.9565587060544944,0.7756160830090791,0.7756160830090791,0.8365936511655149,0.8359302906908842,1.0,0.9565936419697739,0.7756160830090791,0.8365936511655149
BraTS-GLI-02193-101,0.9577209217927781,0.7400275103163686,0.7400275103163686,0.8692686623721106,0.812591980808505,1.0,0.9586172578728763,0.7400275103163686,0.8692686623721106
BraTS-GLI-02193-102,0.9561362527382399,0.8073394495412844,0.8073394495412844,0.8812919463087249,0.8569383839402697,1.0,0.9573005799206424,0.8073394495412844,0.8812919463087249
BraTS-GLI-02193-103,0.956429465820582,0.7629427792915532,0.7629427792915532,0.8803151196848803,0.8274383414678961,1.0,0.9569857973990418,0.7629427792915532,0.8803151196848803
BraTS-GLI-02193-104,0.9366558712469417,0.23376623376623376,0.23376623376623376,0.7772504024103347,0.46806277959313647,1.0,0.9382786117653736,0.23376623376623376,0.7772504024103347
BraTS-GLI-02193-105,0.927804085094353,0.4936737980216241,0.5645882662457248,0.6856158484065461,0.6620220497872339,0.0,0.9314162340943544,0.5645882662457248,0.6856158484065461
BraTS-GLI-02222-100,0.7693098019719944,0.867461044912924,0.867461044912924,0.8827129015808262,0.8347439639326142,1.0,0.6849477035015916,0.867461044912924,0.8827129015808262
BraTS-GLI-02228-100,0.9618213861537872,0.5707964601769911,0.5707964601769911,0.0,0.7011381021692565,1.0,0.9639197267292912,0.5707964601769911,0.0
BraTS-GLI-02241-100,0.8621654436995196,0.0,0.0,0.9769564688222646,0.28738848123317323,1.0,0.8638298997699204,0.0,0.9769564688222646
BraTS-GLI-02241-101,0.8529382909840086,1.0,1.0,0.9826629218831818,0.9509794303280028,1.0,0.8529382909840086,1.0,0.9826629218831818
BraTS-GLI-02241-102,0.8465302713987474,1.0,1.0,0.9850678217257495,0.9488434237995825,1.0,0.8465302713987474,1.0,0.9850678217257495
BraTS-GLI-02243-100,0.9700535326230986,0.9264554163596168,0.9467964681910799,0.9452109418613924,0.947768472391265,0.0,0.9758081383188864,0.9467964681910799,0.9452109418613924
BraTS-GLI-02243-101,0.9334192765602487,0.0,0.0,0.9661255943597311,0.3111397588534162,1.0,0.9333383892006674,0.0,0.9661255943597311
BraTS-GLI-02249-100,0.6752005461682881,1.0,1.0,0.985015390660816,0.8917335153894294,1.0,0.6752005461682881,1.0,0.985015390660816
BraTS-GLI-02249-101,0.9143789516622476,1.0,1.0,0.9812743904342668,0.9714596505540826,1.0,0.9143789516622476,1.0,0.9812743904342668
BraTS-GLI-02251-100,0.9846811779041045,0.943071753310931,0.9441389588365281,0.9780977643046609,0.9572972966838545,0.7361647361647362,0.985132236562636,0.9441389588365281,0.9780977643046609
BraTS-GLI-02254-100,0.8777818314483765,0.828988068935042,0.828988068935042,0.8695121951219512,0.8452526564394868,1.0,0.8294501397949674,0.828988068935042,0.8695121951219512
BraTS-GLI-02254-101,0.904703450058147,1.0,1.0,0.7495567375886525,0.9682344833527156,1.0,0.904703450058147,1.0,0.7495567375886525
BraTS-GLI-02327-100,0.8665511265164645,0.8909464279280902,0.8898357104170428,0.9633701347305389,0.8824444216205324,0.1935483870967742,0.7623923667675122,0.8898357104170428,0.9633701347305389
BraTS-GLI-02341-100,0.9756168444302363,0.9151742196907433,0.9629018677938725,1.0,0.9512309773049509,0.8195775284769923,0.9086584694439347,0.9629018677938725,1.0
BraTS-GLI-02355-100,0.9697547642548022,0.9219576883512833,0.9878700961010066,0.0,0.9598608495690307,0.0315893385982231,0.980530033629942,0.9878700961010066,0.0
BraTS-GLI-02365-100,0.9777222346202484,0.9906386725736771,0.9803669341223007,0.0,0.9829092804387422,0.9793625595310783,0.9560406814795621,0.9803669341223007,0.0
BraTS-GLI-02380-100,0.753747453095294,0.6802540753619197,0.946057493881077,0.3062889290737392,0.7933530074460969,0.0,0.8028675774381171,0.946057493881077,0.3062889290737392
BraTS-GLI-02403-100,0.9721584844674332,0.9403479435315304,0.9432220741655563,0.912954411305163,0.9519095007215066,0.43597560975609756,0.9739219846002021,0.9432220741655563,0.912954411305163
BraTS-GLI-02498-100,0.9507065669160433,0.8696492595479345,0.972091800323029,0.0,0.9308158755956689,0.3118121790168745,0.9804722200576639,0.972091800323029,0.0
BraTS-GLI-02498-101,0.9798761168041561,0.3925549915397631,0.3925549915397631,0.9663633164060536,0.5883286999612274,1.0,0.9783375314861461,0.3925549915397631,0.9663633164060536
BraTS-GLI-02498-102,0.9814293847751097,0.9272522884213907,0.9315235008103727,0.9081573112381841,0.946735058002291,0.8582494190549961,0.9778551175259917,0.9315235008103727,0.9081573112381841
BraTS-GLI-02520-100,0.8758999241849886,0.5620792079207921,0.8752192725996959,0.0,0.7710661349018256,0.0,0.9450893753765817,0.8752192725996959,0.0
BraTS-GLI-02520-101,0.9270002413014307,0.7983618434051624,0.9272230777779542,0.0005520858493495739,0.8841950541615157,0.1820529688375606,0.9697134167510134,0.9272230777779542,0.0005520858493495739
BraTS-GLI-02520-102,0.9584343472654175,0.8912780751181077,0.9270918625111061,0.8654233779440339,0.9256014282982105,0.29182509505703425,0.9667948033190151,0.9270918625111061,0.8654233779440339
BraTS-GLI-02520-103,0.9464760661627964,0.8804849884526559,0.8806120975891439,0.9558547598919566,0.9025243840681988,0.0,0.9446112311811697,0.8806120975891439,0.9558547598919566
BraTS-GLI-02520-104,0.960699865410498,0.9006923409779316,0.897462482946794,0.9829985289507319,0.9196182297784078,0.0,0.957685652382545,0.897462482946794,0.9829985289507319
BraTS-GLI-02553-100,0.9016569582544263,0.6953820855981364,0.8444444444444444,0.13005534269902086,0.8138278294323357,0.27687868523397313,0.939276206244532,0.8444444444444444,0.13005534269902086
BraTS-GLI-02553-101,0.9029815797689666,0.890327263928377,0.9364381554242799,0.9378774922974605,0.9099156663738746,0.2513938165230613,0.8900062378315029,0.9364381554242799,0.9378774922974605
BraTS-GLI-02608-100,0.9036207743254184,0.8349100011042809,0.9670266378689705,0.0656687590535973,0.9018524710995566,0.3919772583701832,0.9061030980470816,0.9670266378689705,0.0656687590535973
BraTS-GLI-02608-101,0.8363806136060471,0.9679600708420544,0.9674980686458449,0.9169859514687101,0.9239462510313156,0.7495107632093934,0.7999189912276027,0.9674980686458449,0.9169859514687101
BraTS-GLI-02608-102,0.9525906116700815,0.9829437369014993,0.9848544712234953,0.9738263398421271,0.9734629399316921,0.7091757387247278,0.9420917936212849,0.9848544712234953,0.9738263398421271
BraTS-GLI-02608-103,0.9593323572474378,0.9052005943536404,0.9478562249308774,0.7906607369758577,0.9374630588439853,0.0032232070910556,0.9524577626364458,0.9478562249308774,0.7906607369758577
BraTS-GLI-02608-104,0.9583973727422004,0.9432631807333478,0.9432631807333478,0.9642835337932719,0.9483079114029653,1.0,0.9481369662367166,0.9432631807333478,0.9642835337932719
BraTS-GLI-02608-105,0.9556741863268469,0.9537129248755142,0.9537129248755142,0.9940403532706255,0.954366678692625,1.0,0.9341352913607249,0.9537129248755142,0.9940403532706255
BraTS-GLI-02635-100,0.972391779134233,1.0,1.0,0.0,0.9907972597114111,1.0,0.972391779134233,1.0,0.0
BraTS-GLI-02635-101,0.9138712289588394,0.0,0.0,1.0,0.3046237429862798,1.0,0.9136840654133136,0.0,1.0
BraTS-GLI-02637-100,0.8774343297101449,0.7432542927228127,0.7432542927228127,0.867410336063259,0.7879809717185902,1.0,0.8654870028186659,0.7432542927228127,0.867410336063259
BraTS-GLI-02637-101,0.9288648698691169,1.0,1.0,0.8962367555717939,0.9762882899563724,1.0,0.9288648698691169,1.0,0.8962367555717939
BraTS-GLI-02654-100,0.9160186253830541,0.5672645739910314,0.5412249705535924,0.9074458660702616,0.6748360566425592,0.0,0.9255736603668477,0.5412249705535924,0.9074458660702616
BraTS-GLI-02657-100,0.4372046754538672,1.0,1.0,0.9886608015640274,0.8124015584846225,1.0,0.4372046754538672,1.0,0.9886608015640274
BraTS-GLI-02660-100,0.948561691441896,0.6867061090177491,0.8435438691605674,0.9503530299936263,0.8262705565400709,0.1626920670235695,0.8696837314577072,0.8435438691605674,0.9503530299936263
BraTS-GLI-02722-100,0.9373213692256563,1.0,1.0,0.8251249107780158,0.9791071230752187,1.0,0.9373213692256563,1.0,0.8251249107780158
BraTS-GLI-02724-100,0.9687399884121196,0.07818052594171997,0.10617760617760617,0.6170850505807418,0.38436604017714854,0.0,0.9655448745389602,0.10617760617760617,0.6170850505807418
BraTS-GLI-02735-100,0.9268235950874582,0.09267241379310345,0.09267241379310345,0.9371170015676215,0.37072280755788833,1.0,0.9451787751996957,0.09267241379310345,0.9371170015676215
BraTS-GLI-02735-101,0.9195103568365517,0.0,0.0,0.9420257318020896,0.30650345227885056,1.0,0.926784544859201,0.0,0.9420257318020896
BraTS-GLI-02745-100,0.8446244252961057,0.9410081821822968,0.9388661601402688,0.0,0.9081662558728905,0.5667574931880109,0.6432383183652219,0.9388661601402688,0.0
BraTS-GLI-02745-101,0.832410723976989,0.9621976300068553,0.9599077879121981,0.0,0.9181720472986807,0.5897435897435898,0.6175289105295192,0.9599077879121981,0.0
BraTS-GLI-02766-100,0.8418292706096936,0.6,0.6,0.9414563806777217,0.6806097568698979,1.0,0.8420211855542666,0.6,0.9414563806777217
BraTS-GLI-02766-101,0.8775340408693358,0.0,0.0,0.9586206896551724,0.29251134695644526,1.0,0.8778278705170383,0.0,0.9586206896551724
BraTS-GLI-02769-100,0.86659333752357,0.6496512835732304,0.6496512835732304,0.736517719568567,0.721965301556677,1.0,0.8928531003101442,0.6496512835732304,0.736517719568567
BraTS-GLI-02769-101,0.873875849967098,0.5277963831212324,0.5277963831212324,0.8300675301671648,0.6431562054031876,1.0,0.8854266781324296,0.5277963831212324,0.8300675301671648
BraTS-GLI-02789-100,0.9173218206125128,0.0,0.0,0.5036372023703914,0.3057739402041709,1.0,0.9173085414315851,0.0,0.5036372023703914
BraTS-GLI-02789-101,0.9134998738329548,1.0,1.0,0.515523039092165,0.9711666246109849,1.0,0.9134998738329548,1.0,0.515523039092165
BraTS-GLI-02791-100,0.8189169031506949,0.56923285565752,0.8487925870460502,0.0,0.7456474486180884,0.02615651585051001,0.6971242468653314,0.8487925870460502,0.0
BraTS-GLI-02791-101,0.8185784668994649,0.5522449033380336,0.8371198040802047,0.0,0.7359810581059011,0.06918739635157546,0.6953956870993082,0.8371198040802047,0.0
BraTS-GLI-02796-100,0.9712882026414854,1.0,1.0,0.9168681635002879,0.9904294008804951,1.0,0.9712882026414854,1.0,0.9168681635002879
BraTS-GLI-02796-101,0.9735403871158704,1.0,1.0,0.8837885302488948,0.9911801290386234,1.0,0.9735403871158704,1.0,0.8837885302488948
BraTS-GLI-02808-100,0.8739168813388337,0.25972313777191824,0.25972313777191824,0.9504300259790553,0.4644543856275567,1.0,0.88106085861392,0.25972313777191824,0.9504300259790553
BraTS-GLI-02808-101,0.8991531242847334,0.670150987224158,0.670150987224158,0.9430449661267023,0.7464850329110164,1.0,0.8980301819378497,0.670150987224158,0.9430449661267023
BraTS-GLI-02858-100,0.940098479982873,1.0,1.0,0.9554011370814909,0.9800328266609576,1.0,0.940098479982873,1.0,0.9554011370814909
BraTS-GLI-02858-101,0.9502266505094026,1.0,1.0,0.9425193640440277,0.9834088835031342,1.0,0.9502266505094026,1.0,0.9425193640440277
BraTS-GLI-02873-100,0.6884866343927594,0.0,0.0,0.9551838231528053,0.22949554479758646,1.0,0.690375685943436,0.0,0.9551838231528053
BraTS-GLI-02873-101,0.7452442405123794,1.0,1.0,0.9708820802383606,0.9150814135041264,1.0,0.7452442405123794,1.0,0.9708820802383606
BraTS-GLI-02882-100,0.8954257943194862,1.0,1.0,0.9031750284680823,0.9651419314398287,1.0,0.8954257943194862,1.0,0.9031750284680823
BraTS-GLI-02882-101,0.9223773043691188,1.0,1.0,0.9182126149378932,0.9741257681230396,1.0,0.9223773043691188,1.0,0.9182126149378932
BraTS-GLI-02910-100,0.8668882119449829,0.0,0.0,0.9484299704647909,0.2889627373149943,1.0,0.8692687678285674,0.0,0.9484299704647909
BraTS-GLI-02910-101,0.8726900753852654,0.0,0.0,0.9534928156527056,0.2908966917950885,1.0,0.8712500835170709,0.0,0.9534928156527056
BraTS-GLI-02922-100,0.9164352568779889,0.7320195807706791,0.7320195807706791,0.9294503524426516,0.7934914728064489,1.0,0.9252141036290207,0.7320195807706791,0.9294503524426516
BraTS-GLI-02922-101,0.8689029208781449,0.7098275749032977,0.7104023196810438,0.9461381620467013,0.7630442718208288,0.06369426751592357,0.88008638133619,0.7104023196810438,0.9461381620467013
BraTS-GLI-02924-100,0.8730662791741839,0.8723119478897118,0.8225774225774226,0.8080558980682285,0.8559852165471061,0.5430242272347535,0.8599514781202264,0.8225774225774226,0.8080558980682285
BraTS-GLI-02924-101,0.9243579573851523,0.9278180041590459,0.9345778768459181,0.42991418062934206,0.9289179461300389,0.5379070345513298,0.9064653720956336,0.9345778768459181,0.42991418062934206
BraTS-GLI-02926-100,0.8880003451896386,0.8494581538059799,0.8392905133028755,0.0,0.8589163374328312,0.055299539170506916,0.8805053464743712,0.8392905133028755,0.0
BraTS-GLI-02926-101,0.8897352531351602,0.8894157021335937,0.8912797281993206,0.0,0.8901435611560249,0.09345794392523364,0.8846460903490141,0.8912797281993206,0.0
BraTS-GLI-02968-100,0.854243999010146,0.0,0.0,0.8989082423535295,0.28474799967004866,1.0,0.8416503341876477,0.0,0.8989082423535295
BraTS-GLI-02968-101,0.7877567062985162,0.7352380952380952,0.7352380952380952,0.759424426210013,0.7527442989249021,1.0,0.7853294653957729,0.7352380952380952,0.759424426210013
BraTS-GLI-02977-100,0.7738582991905666,0.0,0.0,0.8703406456215445,0.25795276639685555,1.0,0.7824504650222402,0.0,0.8703406456215445
BraTS-GLI-02977-101,0.8327326690693237,1.0,1.0,0.9007213259181763,0.9442442230231078,1.0,0.8327326690693237,1.0,0.9007213259181763
BraTS-GLI-02980-100,0.8715453612683282,1.0,1.0,0.9341577540106952,0.9571817870894428,1.0,0.8715453612683282,1.0,0.9341577540106952
BraTS-GLI-02980-101,0.9530094672102827,1.0,1.0,0.9531316939422501,0.9843364890700942,1.0,0.9530094672102827,1.0,0.9531316939422501
BraTS-GLI-02994-100,0.8062852297101811,0.0,0.0,0.7881630260240104,0.268761743236727,1.0,0.800877905053967,0.0,0.7881630260240104
BraTS-GLI-02994-101,0.8785033227390927,0.0,0.0,0.8950922761449077,0.2928344409130309,1.0,0.8773156239077246,0.0,0.8950922761449077
BraTS-GLI-03005-100,0.9271033590828061,0.9393379741440545,0.9388627618640445,0.0,0.9351013650303016,0.45454545454545453,0.921850703464715,0.9388627618640445,0.0
BraTS-GLI-03005-101,0.9052575279456597,0.9102564102564102,0.9100154764536812,0.603290676416819,0.9085098048852505,0.0,0.9021031688043075,0.9100154764536812,0.603290676416819
BraTS-GLI-03008-100,0.9123208572840533,0.8779587831207065,0.8948338727518538,0.9073522715331536,0.8950378377188711,0.3330206378986867,0.9203990742721562,0.8948338727518538,0.9073522715331536
BraTS-GLI-03008-101,0.8932360370474319,0.8518999621816269,0.8992757878254062,0.8717196529238165,0.8814705956848217,0.4233576642335766,0.8638360892500887,0.8992757878254062,0.8717196529238165
BraTS-GLI-03011-100,0.877140777876607,0.9334075015893197,0.9012925969447708,0.0,0.9039469588035658,0.8697301854974705,0.8577683254644904,0.9012925969447708,0.0
BraTS-GLI-03011-101,0.8142717415838356,0.897262783273146,0.85070099757347,1.0,0.8540785074768172,0.8136267852961836,0.7814334321587043,0.85070099757347,1.0
BraTS-GLI-03029-100,0.90405700265276,0.8011472275334608,0.7524801587301587,0.8604651162790697,0.8192281296387932,0.3169107856191744,0.8891412759542813,0.7524801587301587,0.8604651162790697
BraTS-GLI-03029-101,0.898679794137391,0.6161305964118312,0.6117889671764908,0.526487747957993,0.7088664525752376,0.11413043478260869,0.8780065630521798,0.6117889671764908,0.526487747957993
BraTS-GLI-03063-100,0.9269514401001809,0.8753200709080166,0.9008319222557609,0.9339064788973364,0.9010344777546528,0.6140776699029126,0.9230669518439303,0.9008319222557609,0.9339064788973364
